"Distance_km","Pace_min_km"
8.702,5.45553737043099
8.3593,6.83060109289617
8.3725,6.83900971139379
6.82,5.5909650005591
2.7581,6.48508430609598
5.5963,5.92276711679697
6.2471,6.14099729796119
6.116,6.12070020810381
11.3307,8.07102502017756
7.5295,6.62163951794464
2.0055,7.65228037955311
8.9563,6.28456510809452
5.7685,6.07385811467444
4.8768,6.16827041697508
9.1257,6.13421666053245
5.3312,6.00817111271329
10.0684,5.68828213879408
10.4597,6.73128702207862
12.0869,7.34214390602056
5.6196,6.02337067823154
7.8021,6.12294881214793
11.2265,8.41750841750842
5.4482,6.33472697326745
5.4704,6.15460364352536
11.0325,6.81384573453257
6.3481,6.00168047053175
5.0082,5.14880032952322
0.7,5.14244574719737
12.0023,6.46746863277713
11.4362,5.29604914733609
6.8939,6.72043010752688
10.352,6.07385811467444
7.3424,8.39207787848271
8.1459,5.97585753555635
10.4449,6.87001923605386
4.5978,6.15460364352536
13.9981,6.34678852500635
4.132,5.99736116108912
7.9367,5.93542260208927
9.9952,6.30835225839011
3.5091,6.5359477124183
3.6217,5.64206725344166
5.0396,7.62078951379363
8.9976,6.86153423905585
13.0034,5.9694364851958
9.0235,6.5410779696494
14.0155,7.89141414141414
10.4032,6.7999456004352
5.0126,6.24687656171914
5.5252,5.88512241054614
0.2473,5.39199827456055
10.0275,6.03864734299517
12.2486,6.36618283677107
10.7268,6.87001923605386
1.962,8.06321561038542
7.8155,5.92697961119014
10.5815,6.4077918749199
5.0813,5.96729920038191
10.149,6.16598840794179
16.1197,6.28930817610063
10.1698,6.81106116332925
5.0735,6.26095667417981
12.1668,6.57462195923734
9.5191,7.05318098462407
2.1879,6.18658747834694
8.702,5.45553737043099
8.3593,6.83060109289617
8.3725,6.83900971139379
6.82,5.5909650005591
2.7581,6.48508430609598
5.5963,5.92276711679697
6.2471,6.14099729796119
6.116,6.12070020810381
11.3307,8.07102502017756
7.5295,6.62163951794464
2.0055,7.65228037955311
8.9563,6.28456510809452
5.7685,6.07385811467444
4.8768,6.16827041697508
9.1257,6.13421666053245
5.3312,6.00817111271329
10.0684,5.68828213879408
10.4597,6.73128702207862
12.0869,7.34214390602056
5.6196,6.02337067823154
7.8021,6.12294881214793
11.2265,8.41750841750842
5.4482,6.33472697326745
5.4704,6.15460364352536
11.0325,6.81384573453257
6.3481,6.00168047053175
5.0082,5.14880032952322
0.7,5.14244574719737
12.0023,6.46746863277713
11.4362,5.29604914733609
6.8939,6.72043010752688
10.352,6.07385811467444
7.3424,8.39207787848271
8.1459,5.97585753555635
10.4449,6.87001923605386
4.5978,6.15460364352536
13.9981,6.34678852500635
4.132,5.99736116108912
7.9367,5.93542260208927
9.9952,6.30835225839011
3.5091,6.5359477124183
3.6217,5.64206725344166
5.0396,7.62078951379363
8.9976,6.86153423905585
13.0034,5.9694364851958
9.0235,6.5410779696494
14.0155,7.89141414141414
10.4032,6.7999456004352
5.0126,6.24687656171914
5.5252,5.88512241054614
0.2473,5.39199827456055
10.0275,6.03864734299517
12.2486,6.36618283677107
10.7268,6.87001923605386
1.962,8.06321561038542
7.8155,5.92697961119014
10.5815,6.4077918749199
5.0813,5.96729920038191
10.149,6.16598840794179
16.1197,6.28930817610063
10.1698,6.81106116332925
5.0735,6.26095667417981
12.1668,6.57462195923734
9.5191,7.05318098462407
2.1879,6.18658747834694
5.0287,4.99151442547669
1.9219,6.23519142037661
12.1005,7.22438953908395
6.6489,6.22122682593007
5.0535,4.90773458971339
2.4858,5.27593120185713
5.1934,5.9206631142688
9.0309,6.0146758089739
2.4904,6.47249190938511
5.07,5.12820512820513
2.6124,5.59471858565514
15.3983,7.04423781346858
7.0467,5.98874116660678
6.0138,5.79307148650214
5.1166,6.15006150061501
6.0077,5.916459590581
8.2944,5.94813228646205
6.4967,6.20732464307883
14.5746,5.99520383693046
7.0599,5.74910888812234
6.8841,5.63063063063063
6.0619,6.156877231868
3.8924,6.29405840886203
6.3726,5.79307148650214
6.3333,5.84180394905947
10.5716,5.81125058112506
1.9827,7.72678102302581
5.01,5.42888165038002
13.1521,6.11620795107034
5.0108,5.65163332203007
5.8841,5.81327752586908
2.905,6.48760866744518
1.9096,7.96685787125558
7.9343,5.73921028466483
6.6825,5.99736116108912
8.794,6.08272506082725
5.018,5.34016874933248
6.3459,6.43252283545607
21.3204,5.83158385817588
1.0123,5.77901063337957
5.2458,5.3248136315229
10.356,6.00384245917387
5.0173,5.90388475616956
7.0781,5.93542260208927
2.061,7.52105896510229
22.9187,6.18429189857761
5.4599,6.04741170778907
5.1227,5.9206631142688
5.5307,5.50600154168043
10.1647,6.18429189857761
7.1126,5.98229241445322
5.0732,4.90196078431373
2.1452,5.66315551025031
13.4528,6.1751265900951
10.0505,5.33333333333333
1.1113,5.60978346235835
12.644,6.08050589809072
7.0597,6.10948191593353
6.7646,6.05400169512047
7.8888,5.74910888812234
8.6984,5.58721644876522
16.428,6.36375206821942
1.9707,7.66283524904215
7.5642,6.65601703940362
12.1261,7.73036487322202
21.5092,6.30119722747322
9.6194,6.33713561470215
7.0481,5.96089651883643
6.8711,6.12519906896974
8.7454,6.69612963706977
6.8073,6.27746390458255
10.2709,5.95876534382076
8.6991,5.93119810201661
16.5888,6.46245314721468
7.7495,6.1705541157596
8.6828,6.32751202227284
9.2253,6.36132315521628
18.3007,6.16827041697508
7.1497,5.96729920038191
7.7052,6.08272506082725
8.3709,6.69075337883046
16.6243,6.2142679592344
6.8692,6.11396429444852
6.0918,6.2165858510506
6.8715,5.60600964233659
13.3814,6.15006150061501
5.2532,6.2375249500998
5.5705,6.00817111271329
8.4315,5.93965312425754
8.4602,6.26330953275711
16.5371,6.2165858510506
2.6591,5.52242102937928
6.9258,5.55185431934266
7.2421,8.56457690990065
7.0383,6.18429189857761
3.3241,5.64588979223126
5.4643,6.16827041697508
13.3617,7.49063670411985
4.2423,6.10053684724256
7.092,6.08939227865059
13.6147,7.65228037955311
12.4921,6.15233173372708
4.6637,5.87889476778366
1.4914,6.06722485135299
8.346,7.01459034792368
10.1033,5.7058085130663
5.0739,5.29436679373147
2.2418,5.9545075622246
8.3074,6.12519906896974
6.4761,6.8054988430652
8.0166,6.04302634759488
9.7925,6.7367286445702
6.2885,6.06060606060606
5.0167,5.21648408972353
1.1273,5.76701268742791
2.031,7.73036487322202
5.1421,7.66283524904215
7.3662,7.36811081638668
7.8871,6.16598840794179
5.0168,5.98229241445322
7.3831,6.87285223367698
6.7626,7.11035267349261
12.0281,6.2235499128703
8.2345,6.60327522451136
13.9496,9.21828908554572
3.3661,6.84743905779239
8.3658,6.73945275643618
7.164,5.9694364851958
10.6444,6.32031348754898
11.3115,6.50533437418683
10.0314,5.94388968140751
9.1894,6.68002672010688
1.8083,6.49772579597141
10.0216,6.06501698204755
5.7325,6.22122682593007
1.9733,7.28756740999854
9.522,6.53851183470642
5.019,5.71755288736421
2.0045,7.3909830007391
8.3853,6.81106116332925
1.9523,7.96685787125558
7.5105,7.02345835089198
7.1066,6.94733916909823
5.1344,6.28219625581103
2.5105,6.33954608850006
2.9536,8.80436696601514
1.2613,6.26330953275711
7.3664,6.2375249500998
2.1127,6.12970454824078
2.0154,5.88720122453786
1.3997,7.54830917874396
2.51,5.14562107646393
2.02,5.4860653938995
4.0072,6.08939227865059
1.746,6.86436024162548
1.8172,6.28219625581103
5.2,7.01459034792368
6.1993,6.66400106624017
3.938,6.12519906896974
6.5576,6.47249190938511
5.6736,6.34920634920635
5.5152,6.45994832041344
7.0212,5.95025586100202
4.1271,5.85205992509363
2.6797,8.29187396351576
2.2372,5.56483027267668
2,7.24952878062926
1.0764,7.88022064617809
0.8798,6.156877231868
1.848,8.43454790823212
10.0832,5.6785917092561
6.6797,8.79043600562588
6.6794,6.31791761435431
9.171,7.95165394402036
13.1186,8.01282051282051
6.7008,6.74217907227616
4.8623,6.49772579597141
6.2761,6.12294881214793
5.3743,6.73400673400673
3.1822,5.90179414542021
11.0842,8.13008130081301
3.0681,6.63746183459445
2.0229,7.51427712654043
4.8141,6.27037873087535
4.3802,6.49013499480789
11.5749,6.9910514541387
4.585,6.83060109289617
11.5548,6.04960677555959
1.3273,6.76681553660847
6.4905,6.94733916909823
5.4981,5.88720122453786
10.0172,5.91226203145323
4.0992,6.06943432872056
8.0086,6.07164541590771
4.9705,5.36250536250536
7.1992,7.45712155108128
5.0145,5.75904169546187
8.1443,7.22752240531946
3.5681,5.86647893934061
6.915,6.6613375965894
5.261,5.89344648750589
8.9555,6.16142945163278
6.8306,6.08272506082725
3.6489,5.5909650005591
7.6778,6.85871056241427
5.0174,6.34678852500635
8.967,6.68002672010688
5.0316,4.93242576699221
8.0855,6.6613375965894
6.0654,5.9206631142688
8.0177,6.55136268343816
8.4705,6.9647583228862
3.9491,7.30673681134006
10.0982,5.26759376316898
1.0749,5.81530588508956
6.6436,9.3475415965601
5.0312,5.17437648763324
5.8581,6.49266329048176
7.4675,7.71247879068332
8.8323,7.34537975613339
4.7753,6.36375206821942
10.1169,5.31632110579479
1.3366,5.6478030046312
1.528,5.96729920038191
5.0302,5.66508044414231
10.9573,6.99692135460397
12.5404,6.15915250061592
5.7379,5.95663569216107
6.0055,6.02990834539315
7.1797,6.27982918864607
8.765,6.92712662787476
6.0509,5.86647893934061
5.9328,6.11396429444852
9.0161,5.93119810201661
14.903,8.04375804375804
11.2148,6.2445360309729
6.7452,5.93965312425754
3.977,7.58610226065847
10.5944,5.96516344547841
5.0011,6.11845325501713
5.6603,6.54878847413229
5.152,6.07164541590771
7.787,6.41272284211876
6.8183,5.88512241054614
5.0896,5.64206725344166
6.0269,6.68270515904838
4.8801,9.36329588014981
6.6648,6.12745098039216
10.2204,7.55857898715042
5.7224,7.00869077656294
4.1358,5.96089651883643
8.65,6.91562932226833
6.6453,6.02119460500963
3.1552,6.728569506123
10.6209,5.79710144927536
3.6303,6.40040962621608
6.0454,6.08494584398199
0.8416,6.61375661375661
3.303,7.01459034792368
4.9991,5.91436006624083
7.2166,5.9694364851958
3.3604,6.44745325596389
10.8875,5.98229241445322
6.7361,5.85823081429408
2.6138,6.27510040160643
1.4065,6.2445360309729
3.0591,5.38851169307037
6.9133,5.98014591556034
6.8539,6.04960677555959
7.4897,5.6173463655769
6.6055,6.07385811467444
10.0245,6.89560060681285
8.8836,6.13421666053245
5.033,5.55370432078196
9.0862,6.42013353877761
7.9333,6.58241179568194
11.8432,6.13647520864016
6.0232,5.75904169546187
8.3195,5.88928150765607
12.4361,5.9694364851958
5.9457,5.92487261523877
8.3048,5.68634140793813
6.5171,6.28456510809452
10.2379,6.18199802176063
5.2336,6.19348445435402
11.4508,6.41766140418432
5.1037,6.14326084285539
15.5642,7.84313725490196
7.3934,5.77700751010976
8.1507,5.84385226741468
9.5716,6.97350069735007
9.4151,5.76900888427368
5.1207,6.15233173372708
21.3203,6.30358043368633
9.3497,6.88136526286815
7.7444,6.00817111271329
8.4086,6.64805212072863
10.025,5.6249296883789
8.0625,6.65601703940362
13.831,6.35404752827551
5.0241,6.30358043368633
22.5232,6.91562932226833
4.0203,6.23519142037661
9.2929,6.57981313330701
3.2492,6.45244547683572
7.0143,5.77700751010976
2.5234,6.28693574751666
16.7974,6.5772165219679
10.1312,5.36078052964512
1.0296,5.79508576726936
14.9151,6.7367286445702
5.7427,5.40774388924941
3.8874,6.38325035107877
8.3447,6.00384245917387
3.9481,6.7367286445702
7.2283,6.34437254155564
2.1491,5.7850283466389
6.9123,7.49063670411985
8.2147,5.85000585000585
10.0428,5.66123188405797
5.0119,5.78302105019662
5.6465,6.265664160401
12.9616,6.98812019566737
5.0232,6.01250601250601
0,Inf
10.9642,6.96184906711223
5.4128,5.64397787560673
0.8699,6.81942171303873
13.0835,5.57973440464234
10.1067,5.29268550862708
2.2424,5.73131591013297
3.0976,5.45553737043099
11.5522,5.81327752586908
5.0847,4.94266508501384
2.2433,5.63253351357441
8.028,7.00869077656294
5.8942,4.97958370680211
2.0723,5.99952003839693
8.2066,6.87568756875688
1.6357,6.13421666053245
0.2537,6.76681553660847
5.0515,5.88304506412519
9.7305,6.59804697809448
11.2695,6.68806848582129
7.5652,6.93288962839712
2.8904,6.0960741282614
10.1113,5.7650178715554
11.3941,6.72314105149926
10.1569,5.39199827456055
1.0285,5.85000585000585
3.9293,5.87061171774099
11.3482,6.85588920883039
9.0741,5.60600964233659
5.5228,5.58347292015634
5.5161,5.44840361774
9.0386,6.33954608850006
8.8917,6.46746863277713
3.9523,5.83158385817588
5.0299,4.95000495000495
1.1534,5.0720227226618
7.1607,5.64206725344166
6.7027,6.01033778098329
6.0237,6.36618283677107
1.3885,5.53342186808322
5.6553,5.75506445672192
5.021,5.6554688383667
8.0771,5.90179414542021
5.0275,5.82139946443125
4.8721,5.34359303195469
3.2468,6.14552605703048
7.5385,7.21500721500722
2.8398,5.28764805414552
8.986,6.18888476296571
9.1071,6.00168047053175
5.1222,5.87268029128494
6.6874,5.7850283466389
1.598,5.73526038082129
5.074,5.68246391635413
5.6016,6.78334011667345
1.3634,5.5005500550055
21.2908,5.99089384136113
9.3413,6.06060606060606
6.5897,5.80720092915215
8.8031,6.58241179568194
16.9941,6.16598840794179
1.5107,6.66400106624017
8.9031,6.52826739783262
1.4474,5.80315691736305
2.5306,6.36132315521628
3.6045,5.55740802489719
2.5822,5.59659726886053
8.6174,6.59543595831684
5.0266,6.43252283545607
3.5073,5.55000555000555
16.0948,5.40774388924941
0.9777,6.29168239587266
3.1009,5.1376900945335
7.7676,7.08315625442697
1.6259,5.99736116108912
5.0056,5.92276711679697
6.8254,6.05180343742435
1.4005,5.72344322344322
5.2402,6.3323201621074
8.3371,5.6999544003648
11.7622,5.63443768311922
1.607,8.96057347670251
1.6771,6.51041666666667
9.5591,6.74490759476595
1.4613,6.62690523525514
5.0233,6.31074088097943
7.778,6.44496004124774
1.4885,5.82343349638947
10.1476,6.31791761435431
1.509,6.51550690643732
8.5424,6.72314105149926
3.0653,6.35162601626016
5.0241,6.52826739783262
13.165,6.17741536940944
8.7525,6.48760866744518
1.3049,5.64588979223126
4.5896,6.5772165219679
1.5349,6.36375206821942
5.247,5.6249296883789
1.4396,6.03209072264447
3.9976,6.43252283545607
1.5388,6.35647088736334
8.5276,6.32751202227284
1.6557,6.41272284211876
1.5258,6.43252283545607
8.0758,5.6999544003648
1.5,5.99952003839693
3.0407,6.22122682593007
11.1,6.03646021972715
3.3077,5.94601022713759
1.3951,6.47500647500648
5.6037,5.4608999563128
1.506,5.57786702365016
1.5262,6.15915250061592
8.3268,6.59543595831684
1.4811,5.89761736258552
7.4377,6.00384245917387
1.5099,5.98229241445322
0.4972,5.79911853398283
4.9482,5.0999592003264
2.5267,5.84385226741468
1.4365,6.78610206297503
9.07,6.67735042735043
1.4602,6.30119722747322
5.0354,6.00168047053175
11.4406,6.03209072264447
1.5456,6.55651717807501
7.947,6.68270515904838
1.4989,6.40532923392262
0.5447,6.27273867770669
6.0227,5.77901063337957
1.8616,6.55393891728929
1.9809,6.01684717208183
4.9687,5.14880032952322
2.3807,6.11845325501713
1.5314,6.6613375965894
8.454,6.69612963706977
1.9287,6.29168239587266
9.467,6.31074088097943
1.2138,6.08272506082725
4.9684,5.06893755068938
2.474,5.44306553450904
11.1815,6.67200427008273
5.6918,6.11172228333945
3.5632,6.0562015503876
10.5566,6.7367286445702
8.0729,5.93330960009493
10.0127,5.40423692174665
8.0636,7.06214689265537
3.4442,6.0916179337232
8.2048,6.87568756875688
6.056,5.69216757741348
5.0081,5.27092557453089
5.0186,6.2235499128703
5.0073,5.38851169307037
10.0882,5.77700751010976
4.003,5.94601022713759
10.0135,6.49519355676799
3.8995,5.98444045481747
8.4746,6.27037873087535
3.0105,5.98444045481747
1.0089,5.81530588508956
5.0485,5.58534405719392
2.2385,5.83771161704612
0.2542,6.62163951794464
5.0027,5.80113702285648
5.025,6.02554832489757
7.4672,5.97371565113501
3.0251,5.98229241445322
6.2465,6.59543595831684
5.0412,6.59804697809448
5.0105,5.90388475616956
5.0208,6.08494584398199
3.7395,5.96729920038191
2.2171,6.27037873087535
4.0247,5.69411228789432
3.4732,6.55393891728929
3.6655,5.77901063337957
3.0693,5.83771161704612
3.0302,5.96302921884317
3.0105,5.85823081429408
2.625,5.60600964233659
2.543,5.94388968140751
2.5526,5.71951498512926
2.3698,5.93542260208927
0.6829,5.27092557453089
2.0461,5.80720092915215
2.0494,5.6844020009095
3.0151,5.95876534382076
2.7894,5.77100646352724
2.5279,6.07164541590771
1.0154,6.0562015503876
5.5104,5.88304506412519
2.1008,6.90131124913734
3.5568,6.36861546299834
8.0578,5.92908810624926
1.8436,6.20963735717834
0.7158,5.75109270761445
9.0262,5.99089384136113
5.05,5.76900888427368
7.7357,5.80517821897132
5.0212,5.55555555555556
7.0541,5.70385580652521
5.0357,5.66700668706789
6.0304,5.78101514625968
4.7244,5.45375218150087
5.043,5.3573341905068
5.0179,5.80315691736305
5.0417,5.87061171774099
5.0262,5.39548937088594
5.0464,5.9545075622246
4.0228,5.77901063337957
4.053,5.7850283466389
3.2503,5.8913632614587
3.1575,5.85823081429408
1.0591,5.68052715291979
3.0171,5.71755288736421
3.2728,6.58501251152377
1.419,7.74113639882335
10.0279,5.82954412964906
7.1962,6.40040962621608
7.4895,5.6554688383667
5.0342,5.55555555555556
7.5712,5.86441473140981
14.1181,5.50782110597048
6.6938,5.45732372844357
3.4629,5.39548937088594
5.0328,5.07356671740233
8.0313,5.34359303195469
15.0127,5.48787180331467
8.7439,5.11247443762781
10.0304,4.91787154519524
5.0143,5.08905852417303
21.1723,5.6844020009095
3.3436,5.04439063761098
2.4766,5.28262017960909
10.7953,5.23944252331552
5.2698,5.40248514316586
10.0154,5.52242102937928
10.0174,4.84496124031008
1.9232,5.77100646352724
5.0159,5.56483027267668
10.0164,5.175983436853
5.215,5.24769101595298
16.6343,5.60224089635854
10.0272,5.57227237267358
10.0176,5.19372597901735
5.0852,4.61169525917727
5.025,5.2099614462853
21.2239,5.65163332203007
10.3041,5.48967940272288
5.0211,5.73921028466483
6.7375,5.06893755068938
15.0805,5.35561268209083
5.0207,5.37807895019899
5.0668,5.04286434694907
18.5303,5.52608311229001
10.3192,5.3453068206115
10.0169,4.9885263893046
0.3314,5.38155203960822
6.4819,4.92659375307912
5.3278,5.35217298223079
16.5665,5.28429507503699
5.0506,5.18403317781234
11.5765,5.0612410162972
6.0241,5.38677009265245
15.0409,5.31801744309721
6.0863,5.41125541125541
5.0078,4.74563401670463
10.1329,5.28094634558513
4.9468,5.11090667484412
10.0427,5.1250512505125
5.1068,5.15995872033024
2.9315,5.53709856035437
15.3321,5.10308226168606
5.5981,4.83792936623125
0.1466,4.8890192627359
11.8519,5.23944252331552
6.8406,5.19210799584631
5.1677,5.09216824523882
5.2781,5.28262017960909
2.4791,5.98229241445322
14.1654,5.37807895019899
6.0168,5.0612410162972
13.3086,5.36250536250536
6.0238,5.00500500500501
12.1429,5.40774388924941
6.691,4.99750124937531
10.0231,4.9573666468372
11.033,5.11090667484412
5.286,5.05356781888013
10.1514,5.24109014675052
10.262,5.2197515398267
6.6996,5.37287771330324
7.1064,5.21811730327698
10.0736,5.38677009265245
6.4444,5.66315551025031
0.1572,7.20876585928489
6.6412,5.40073449989199
6.6463,5.55926173004225
10.0181,5.48065329387263
7.6447,5.13610683102209
6.363,5.26925914216461
7.8653,5.4608999563128
6.9007,5.17759138448794
5.9921,5.14880032952322
8.2578,6.07607242678333
5.4426,5.09216824523882
10.0173,5.44306553450904
5.2208,5.35045478865703
6.2115,5.32311295645694
4.938,4.86760124610592
2.435,5.3248136315229
5.4263,5.36595836016313
6.7726,5.50964187327824
4.8382,5.19858598461219
5.105,6.45494448747741
1.1457,5.58534405719392
4.8799,4.90051945506224
2.0759,5.62872903298435
6.7748,5.44662309368192
1.1738,5.29604914733609
4.7788,5.07511165245635
1.95,5.57227237267358
6.9345,5.37807895019899
4.9007,4.80584390618993
2.0378,5.13610683102209
2.9416,5.90388475616956
5.9186,5.68052715291979
7.1139,5.05050505050505
5.2623,5.44128849711612
4.8514,4.92659375307912
7.0061,5.61356236667789
6.0992,5.6785917092561
5.0103,5.09216824523882
6.2069,5.86647893934061
4.9374,5.28597103287874
5.9161,5.90179414542021
4.5415,5.52608311229001
4.9415,5.39898499082173
4.9529,5.30954656472337
4.9939,5.30954656472337
4.9355,5.45018530630041
3.5064,6.00817111271329
4.9479,5.6999544003648
4.9129,5.26426616129712
5.5638,5.76701268742791
5.0158,5.76900888427368
2.6845,6.08494584398199
3.8089,6.19118375433383
21.2659,5.48065329387263
5.8408,5.48967940272288
5.8985,5.53158535236199
10.1327,5.17116558072189
5.9086,5.40774388924941
5.8424,5.5005500550055
5.7154,5.58721644876522
21.3728,5.84795321637427
6.914,5.46448087431694
6.0176,5.52791597567717
8.3438,5.8459020226821
15.1281,5.89553118735998
10.0223,5.53709856035437
10.5018,5.6478030046312
5.0445,4.7714476572192
5.5109,5.72540936676972
4.9549,4.83372003093581
5.0927,4.74158368895211
5.81,5.56854883617329
17.2387,5.78904712284358
4.9996,4.79064865382773
5.0492,5.74910888812234
12.7793,5.70776255707763
4.9262,4.86192143134967
5.0119,5.42358173337672
11.394,5.79911853398283
6.1619,5.47705115565779
4.9541,4.89188924762743
5.6371,5.48787180331467
10.317,5.7372346528973
2.7324,5.62303193882141
5.0277,5.02613590671492
7.8881,5.85000585000585
6.7332,5.62682871933378
10.0256,5.87061171774099
4.871,5.28262017960909
4.9601,5.10777403207682
6.5057,5.55370432078196
4.983,5.18726008922087
5.9973,5.49329817622501
5.6304,5.45553737043099
4.9756,5.17116558072189
5.0259,5.53525960367541
3.7573,5.23450586264657
4.9539,5.39025442000862
5.0343,5.67086310536464
5.045,5.54631170271769
4.9463,5.35389227968733
4.9622,5.25596552086618
4.0321,5.6785917092561
4.9625,5.36941580756014
0.7025,5.3850296176629
4.9637,5.57413600891862
4.4115,5.28932613984978
5.1806,5.05663430420712
4.8589,5.51511140525039
0.5131,6.07385811467444
1.3236,5.70385580652521
5.1391,5.42534722222222
1.2795,5.52242102937928
0.7972,5.43596434007393
2.5386,5.52791597567717
3.5532,6.09384521633151
2.3178,6.26330953275711
2.442,6.17741536940944
2.3646,6.38569604086845
0.089,5.24273880675265
2.791,6.7778229632642
2.8345,6.70421024403325
2.7196,7.01754385964912
2.6197,7.13775874375446
2.5666,7.25268349289237
1.7382,5.916459590581
3.5117,5.61924027871432
2.9365,6.06722485135299
1.0895,5.27760185771585
3.0325,5.52425146392664
2.9444,5.48426017330262
4.0285,5.85823081429408
4.0402,6.09384521633151
2.8358,5.6363431405704
2.5537,5.92697961119014
3.329,5.57227237267358
3.3205,5.68634140793813
3.5329,5.62303193882141
5.0259,5.72737686139748
3.4508,5.4860653938995
3.3465,5.85617240571562
5.0336,5.76103237700196
3.3715,6.13873542050338
1.2787,6.23052959501558
4.0392,6.09830467130138
4.2567,5.4271138608488
7.1077,5.83362501458406
6.2287,6.03427468018344
6.9079,6.01684717208183
5.1836,5.8913632614587
4.157,5.9545075622246
5.1032,6.10724319042384
3.9571,6.44745325596389
4.5615,6.35647088736334
2.4026,6.6321793341292
8.9849,6.09384521633151
8.3853,6.00384245917387
5.3017,6.10500610500611
7.0235,6.20732464307883
4.8758,5.8254689502505
3.3791,6.2142679592344
4.9434,5.81936685288641
4.7682,6.06501698204755
4.6945,5.55555555555556
3.2866,5.78101514625968
5.3456,5.57786702365016
1.8105,5.28429507503699
4.8603,5.31801744309721
4.5548,6.0916179337232
4.5874,6.01684717208183
21.1749,6.11172228333945
5.0108,5.87682181476258
11.6547,5.69022419483328
10.1051,5.50964187327824
4.8156,5.75506445672192
22.3987,5.87889476778366
8.6523,5.59284116331096
13.7335,5.77100646352724
5.0548,5.3573341905068
11.6251,5.79508576726936
6.8128,5.56854883617329
20.4102,6.11172228333945
8.8902,5.49329817622501
9.8107,5.81125058112506
17.7764,6.24921884764404
8.2871,6.18429189857761
6.2755,6.32271117855336
16.214,6.40286848508132
8.075,6.04741170778907
8.0809,6.10500610500611
10.8819,5.91016548463357
6.9781,6.56685053848175
7.109,5.97585753555635
6.1083,5.78703703703704
12.0149,6.14326084285539
6.6915,5.59847721419774
6.7671,6.38325035107877
10.4561,6.45244547683572
6.5844,6.81106116332925
5.7029,6.03864734299517
8.1847,6.25390869293308
4.878,6.32511068943707
5.3486,6.38569604086845
5.3229,6.2445360309729
3.5412,6.5180550123843
2.2238,6.35647088736334
4.1133,5.52608311229001
3.4833,5.08130081300813
3.4137,5.3453068206115
3.2402,4.72679145396105
3.1402,5.3453068206115
2.59,5.83566760037348
3.0819,5.26260393642775
2.5704,5.57040998217469
2.02,4.7523999619808
3.3234,6.3588960956378
2.3103,5.73526038082129
11.1999,5.95025586100202
4.6434,5.58534405719392
4.8559,4.96919101570264
7.4227,5.47345374931582
5.5618,5.60035842293907
18.4649,6.21195179525407
6.1316,5.32821824381927
14.0034,5.56854883617329
11.706,5.6785917092561
4.9968,5.16315572077654
6.9502,5.27259306126753
8.1552,6.14099729796119
5.9196,5.35561268209083
5.1676,5.46627309500383
5.1727,5.09683995922528
5.0669,5.35905680600214
6.1049,5.29100529100529
6.6475,5.45018530630041
3.7807,5.2197515398267
8.1615,5.19534497090607
6.0994,5.18564613150799
4.6653,5.29436679373147
3.0996,6.16142945163278
8.632,5.19210799584631
3.5816,5.27259306126753
6.0896,4.99750124937531
4.362,5.19210799584631
8.8908,5.5169369965795
3.9092,5.23121992048546
6.2798,5.37114620259963
6.2416,5.42888165038002
6.062,5.30616576461849
2.6449,5.03524672708963
6.0925,5.12662770429611
5.1474,5.08285046253939
5.97,6.44246875402654
5.096,5.05356781888013
5.1405,5.13927433446397
3.9368,5.1015202530354
10.1186,5.51876379690949
5.2377,5.38155203960822
9.1767,5.48065329387263
7.4982,5.47705115565779
5,6.232859636001
4.8078,5.18564613150799
8.247,5.21159057744424
10.2187,5.45196816050594
10.35,5.30616576461849
2.5462,5.02008032128514
10.1359,5.59659726886053
7.9656,5.28262017960909
8.2803,5.31632110579479
5.4597,5.59284116331096
1.4712,5.20020800832033
1.1142,5.1015202530354
10.1031,5.44306553450904
3.9022,5.11247443762781
10.6206,5.37634408602151
10.2385,5.46448087431694
10.5711,4.61424880029531
8.4002,5.89553118735998
5.01,4.89045383411581
3.45,6.37592450905381
5,6.99986000279995
3,6.66666666666667
4.5,6.88989940746865
2.7098,6.99986000279995
3.0436,5.72147843002632
7.1071,6.1980909879757
6.45,6.51041666666667
5.1307,5.62303193882141
7.6417,7.07113562438127
5.1443,5.81327752586908
3.7305,5.9206631142688
3.7304,5.9206631142688
5.1462,5.71559213534522
3.2893,5.76701268742791
3.8814,5.46627309500383
3.9285,5.52425146392664
2.9988,5.65738854944558
3.7628,5.52425146392664
6.2899,5.67665758401453
3.5554,5.55926173004225
5.4942,5.55740802489719
2.9091,5.55185431934266
3.5621,5.64206725344166
3.6674,5.60789591745177
3.1977,5.63443768311922
5.112,5.8173356602676
5.6748,5.81125058112506
4.9339,6.20270437910929
6.6857,7.73395204949729
6.377,7.44047619047619
2.0373,7.2400810889082
5.5882,7.94786202511524
3.783,7.74833410816674
4.2356,7.59301442672741
5.1014,7.31957253696384
5.244,7.5007500750075
5.2373,8.59106529209622
5.2467,9.03832248734635
5.1047,8.31255195344971
4.3084,7.99744081893794
3.7889,8.55578370978782
2.1278,8.9126559714795
3.2438,8.5999312005504
3.1812,9.31098696461825
3.3395,8.89363215937389
1.3424,9.98003992015968
1.6859,8.79043600562588
3.5918,9.66744006187162
1.4403,5.73921028466483
1.6498,6.64805212072863
1.6251,6.67735042735043
1.5403,7.71604938271605
1.5713,7.66988801963491
2.4244,7.58955676988464
2.2818,8.49473326537547
2.3969,8.06711842529848
2.2367,8.19000819000819
2.205,8.62217623728229
2.1306,9.5565749235474
