"Year","Week","TotalDistance"
2011,1,2.1306
2011,2,2.205
2011,3,4.6336
2011,4,2.2818
2011,5,2.4244
2011,6,3.1116
2011,7,1.6251
2011,8,1.6498
2011,9,0
2011,10,1.4403
2011,11,0
2011,12,0
2011,13,3.5918
2011,14,0
2011,15,0
2011,16,3.0283
2011,17,3.3395
2011,18,0
2011,19,0
2011,20,0
2011,21,0
2011,22,0
2011,23,0
2011,24,0
2011,25,0
2011,26,3.1812
2011,27,5.3716
2011,28,0
2011,29,8.0973
2011,30,15.5887
2011,31,10.3454
2011,32,0
2011,33,4.2356
2011,34,9.3712
2011,35,2.0373
2011,36,0
2011,37,0
2011,38,0
2011,39,0
2011,40,0
2011,41,0
2011,42,0
2011,43,0
2011,44,13.0627
2011,45,0
2011,46,0
2011,47,0
2011,48,0
2011,49,0
2011,50,0
2011,51,0
2011,52,0
2011,53,0
2012,1,0
2012,2,0
2012,3,0
2012,4,0
2012,5,0
2012,6,0
2012,7,0
2012,8,0
2012,9,0
2012,10,0
2012,11,0
2012,12,0
2012,13,0
2012,14,0
2012,15,0
2012,16,0
2012,17,0
2012,18,0
2012,19,0
2012,20,0
2012,21,0
2012,22,0
2012,23,0
2012,24,0
2012,25,0
2012,26,0
2012,27,0
2012,28,4.9339
2012,29,0
2012,30,5.6748
2012,31,0
2012,32,0
2012,33,0
2012,34,5.112
2012,35,3.1977
2012,36,7.2295
2012,37,2.9091
2012,38,5.4942
2012,39,0
2012,40,0
2012,41,9.8453
2012,42,10.6901
2012,43,0
2012,44,12.3169
2012,45,7.4609
2012,46,0
2012,47,0
2012,48,0
2012,49,5.1443
2012,50,0
2012,51,7.6417
2012,52,0
2012,53,0
2013,1,11.5807
2013,2,7.1071
2013,3,13.2534
2013,4,5
2013,5,0
2013,6,3.45
2013,7,5.01
2013,8,8.4002
2013,9,10.5711
2013,10,10.2385
2013,11,0
2013,12,14.5228
2013,13,10.1031
2013,14,0
2013,15,2.5854
2013,16,5.4597
2013,17,0
2013,18,8.2803
2013,19,7.9656
2013,20,10.1359
2013,21,2.5462
2013,22,20.5687
2013,23,8.247
2013,24,0
2013,25,4.8078
2013,26,0
2013,27,0
2013,28,0
2013,29,0
2013,30,0
2013,31,0
2013,32,0
2013,33,0
2013,34,0
2013,35,0
2013,36,5
2013,37,0
2013,38,0
2013,39,0
2013,40,0
2013,41,0
2013,42,0
2013,43,7.4982
2013,44,9.1767
2013,45,0
2013,46,15.3563
2013,47,0
2013,48,0
2013,49,0
2013,50,0
2013,51,0
2013,52,0
2013,53,0
2014,1,9.0773
2014,2,11.066
2014,3,0
2014,4,5.1474
2014,5,6.0925
2014,6,0
2014,7,0
2014,8,0
2014,9,2.6449
2014,10,0
2014,11,0
2014,12,12.3036
2014,13,19.0798
2014,14,4.362
2014,15,6.0896
2014,16,15.3132
2014,17,4.6653
2014,18,6.0994
2014,19,11.9422
2014,20,0
2014,21,0
2014,22,0
2014,23,0
2014,24,12.7524
2014,25,15.4072
2014,26,14.0748
2014,27,0
2014,28,0
2014,29,6.9502
2014,30,0
2014,31,30.7062
2014,32,24.5965
2014,33,5.5618
2014,34,0
2014,35,0
2014,36,0
2014,37,12.2786
2014,38,15.8433
2014,39,0
2014,40,2.3103
2014,41,0
2014,42,0
2014,43,3.3234
2014,44,0
2014,45,0
2014,46,0
2014,47,0
2014,48,0
2014,49,0
2014,50,0
2014,51,0
2014,52,0
2014,53,0
2015,1,0
2015,2,0
2015,3,0
2015,4,0
2015,5,2.02
2015,6,0
2015,7,0
2015,8,0
2015,9,0
2015,10,0
2015,11,0
2015,12,2.5704
2015,13,3.0819
2015,14,0
2015,15,2.59
2015,16,3.1402
2015,17,0
2015,18,6.6539
2015,19,0
2015,20,0
2015,21,0
2015,22,0
2015,23,0
2015,24,0
2015,25,0
2015,26,0
2015,27,3.4833
2015,28,4.1133
2015,29,0
2015,30,0
2015,31,0
2015,32,0
2015,33,0
2015,34,0
2015,35,0
2015,36,0
2015,37,0
2015,38,0
2015,39,0
2015,40,0
2015,41,0
2015,42,0
2015,43,0
2015,44,0
2015,45,0
2015,46,0
2015,47,0
2015,48,5.765
2015,49,10.6715
2015,50,13.0627
2015,51,22.7434
2015,52,25.4735
2015,53,6.1083
2016,1,24.969
2016,2,32.3699
2016,3,32.339
2016,4,18.7009
2016,5,38.8481
2016,6,18.7883
2016,7,31.051
2016,8,0
2016,9,4.8156
2016,10,10.1051
2016,11,11.6547
2016,12,26.1857
2016,13,0
2016,14,0
2016,15,0
2016,16,0
2016,17,0
2016,18,0
2016,19,0
2016,20,4.5874
2016,21,9.4151
2016,22,0
2016,23,0
2016,24,7.1561
2016,25,7.9811
2016,26,9.7116
2016,27,0
2016,28,8.2549
2016,29,0
2016,30,0
2016,31,7.0235
2016,32,13.687
2016,33,8.9849
2016,34,0
2016,35,0
2016,36,0
2016,37,0
2016,38,0
2016,39,0
2016,40,0
2016,41,0
2016,42,0
2016,43,0
2016,44,0
2016,45,0
2016,46,2.4026
2016,47,4.5615
2016,48,0
2016,49,0
2016,50,3.9571
2016,51,0
2016,52,5.1032
2016,53,0
2017,1,4.157
2017,2,5.1836
2017,3,0
2017,4,6.9079
2017,5,6.2287
2017,6,0
2017,7,7.1077
2017,8,0
2017,9,0
2017,10,0
2017,11,0
2017,12,0
2017,13,0
2017,14,0
2017,15,0
2017,16,0
2017,17,0
2017,18,4.2567
2017,19,0
2017,20,0
2017,21,0
2017,22,0
2017,23,4.0392
2017,24,0
2017,25,0
2017,26,0
2017,27,0
2017,28,0
2017,29,0
2017,30,0
2017,31,0
2017,32,0
2017,33,0
2017,34,0
2017,35,0
2017,36,0
2017,37,0
2017,38,1.2787
2017,39,0
2017,40,0
2017,41,0
2017,42,3.3715
2017,43,0
2017,44,5.0336
2017,45,11.8232
2017,46,3.5329
2017,47,3.3205
2017,48,3.329
2017,49,0
2017,50,0
2017,51,0
2017,52,0
2017,53,0
2018,1,2.5537
2018,2,2.8358
2018,3,4.0402
2018,4,4.0285
2018,5,0
2018,6,0
2018,7,0
2018,8,0
2018,9,0
2018,10,0
2018,11,2.9444
2018,12,3.0325
2018,13,4.026
2018,14,3.5117
2018,15,0
2018,16,0
2018,17,0
2018,18,0
2018,19,0
2018,20,0
2018,21,1.7382
2018,22,0
2018,23,7.9059
2018,24,5.7145
2018,25,0
2018,26,2.3646
2018,27,4.7598
2018,28,3.5532
2018,29,0
2018,30,0
2018,31,0
2018,32,0
2018,33,0
2018,34,0
2018,35,2.5386
2018,36,0
2018,37,0
2018,38,0
2018,39,0
2018,40,0
2018,41,0
2018,42,0
2018,43,0
2018,44,0
2018,45,0
2018,46,0
2018,47,0
2018,48,0.7972
2018,49,0
2018,50,0
2018,51,0
2018,52,0
2018,53,0
2019,1,1.2795
2019,2,0
2019,3,0
2019,4,0
2019,5,0
2019,6,0
2019,7,0
2019,8,0
2019,9,0
2019,10,0
2019,11,0
2019,12,0
2019,13,0
2019,14,0
2019,15,0
2019,16,5.1391
2019,17,6.6956
2019,18,5.1806
2019,19,4.4115
2019,20,5.6662
2019,21,4.9625
2019,22,8.9943
2019,23,4.9463
2019,24,15.0332
2019,25,13.7588
2019,26,16.6107
2019,27,11.4658
2019,28,4.871
2019,29,10.0256
2019,30,19.649
2019,31,23.6406
2019,32,27.494
2019,33,22.8281
2019,34,28.1414
2019,35,4.9549
2019,36,10.5554
2019,37,43.996
2019,38,34.3044
2019,39,27.5991
2019,40,33.0052
2019,41,3.8089
2019,42,0
2019,43,0
2019,44,2.6845
2019,45,5.0158
2019,46,10.4767
2019,47,0
2019,48,0
2019,49,0
2019,50,4.9479
2019,51,8.4419
2019,52,9.9468
2019,53,0
2020,1,4.9415
2020,2,15.395
2020,3,11.2172
2020,4,17.9567
2020,5,12.3762
2020,6,15.7987
2020,7,14.8371
2020,8,14.8763
2020,9,9.9432
2020,10,19.5719
2020,11,21.4496
2020,12,19.6925
2020,13,14.766
2020,14,24.0258
2020,15,13.4447
2020,16,23.6244
2020,17,27.113
2020,18,26.3421
2020,19,18.8339
2020,20,25.3492
2020,21,21.9226
2020,22,23.8602
2020,23,24.0083
2020,24,20.0963
2020,25,21.227
2020,26,37.6921
2020,27,28.7076
2020,28,20.3361
2020,29,28.6178
2020,30,37.1432
2020,31,26.2489
2020,32,25.13
2020,33,21.8493
2020,34,26.9729
2020,35,31.9007
2020,36,21.1723
2020,37,23.7886
2020,38,23.044
2020,39,8.4957
2020,40,28.3831
2020,41,19.7199
2020,42,10.0279
2020,43,0
2020,44,0
2020,45,0
2020,46,0
2020,47,1.419
2020,48,0
2020,49,0
2020,50,0
2020,51,0
2020,52,0
2020,53,3.2728
2021,1,0
2021,2,0
2021,3,0
2021,4,3.0171
2021,5,1.0591
2021,6,6.4078
2021,7,8.0758
2021,8,10.0726
2021,9,5.0417
2021,10,5.0179
2021,11,0
2021,12,9.7674
2021,13,11.0661
2021,14,7.0541
2021,15,17.8069
2021,16,11.5856
2021,17,0
2021,18,8.0578
2021,19,11.168
2021,20,1.0154
2021,21,0
2021,22,0
2021,23,2.5279
2021,24,5.8045
2021,25,7.1482
2021,26,7.7206
2021,27,9.11
2021,28,11.1634
2021,29,5.9566
2021,30,5.0208
2021,31,5.0105
2021,32,11.2877
2021,33,10.4923
2021,34,10.2819
2021,35,8.2959
2021,36,11.4851
2021,37,13.913
2021,38,14.0912
2021,39,5.0073
2021,40,10.0267
2021,41,17.705
2021,42,18.0763
2021,43,22.1927
2021,44,25.5295
2021,45,30.7114
2021,46,30.8611
2021,47,24.9742
2021,48,20.2817
2021,49,25.9532
2021,50,26.8213
2021,51,12.8111
2021,52,23.2224
2021,53,0
2022,1,28.2884
2022,2,40.3565
2022,3,13.5773
2022,4,42.7984
2022,5,0
2022,6,0
2022,7,0
2022,8,3.5073
2022,9,13.644
2022,10,37.5726
2022,11,15.3928
2022,12,30.6321
2022,13,12.039
2022,14,22.5147
2022,15,27.4832
2022,16,23.7809
2022,17,27.4589
2022,18,21.8826
2022,19,20.113
2022,20,26.4629
2022,21,21.5054
2022,22,10.4556
2022,23,21
2022,24,17.2198
2022,25,21.2502
2022,26,26.9989
2022,27,13.9534
2022,28,16.377
2022,29,23.6313
2022,30,0
2022,31,15.0547
2022,32,17.2761
2022,33,23.4085
2022,34,31.8186
2022,35,26.3351
2022,36,39.0856
2022,37,26.9176
2022,38,26.178
2022,39,30.67
2022,40,0
2022,41,5.1207
2022,42,27.1374
2022,43,22.9576
2022,44,16.5545
2022,45,21.9886
2022,46,26.6866
2022,47,26.1859
2022,48,22.0525
2022,49,25.5136
2022,50,7.4897
2022,51,13.7672
2022,52,24.703
2022,53,0
2023,1,40.0173
2023,2,38.5291
2023,3,17.5718
2023,4,11.9079
2023,5,23.6004
2023,6,21.3166
2023,7,26.1178
2023,8,14.9489
2023,9,21.9956
2023,10,24.2838
2023,11,15.9875
2023,12,12.9815
2023,13,13.6076
2023,14,18.3568
2023,15,21.7658
2023,16,16.4882
2023,17,19.1825
2023,18,8.967
2023,19,0
2023,20,16.3441
2023,21,21.0471
2023,22,6.915
2023,23,11.7124
2023,24,17.1842
2023,25,8.0086
2023,26,14.1164
2023,27,11.9886
2023,28,17.4671
2023,29,15.9551
2023,30,9.9051
2023,31,14.2664
2023,32,16.5127
2023,33,19.8194
2023,34,15.8504
2023,35,16.7629
2023,36,1.848
2023,37,0.8798
2023,38,0
2023,39,1.0764
2023,40,4.2372
2023,41,6.8068
2023,42,7.0212
2023,43,5.5152
2023,44,0
2023,45,5.6736
2023,46,0
2023,47,0
2023,48,6.5576
2023,49,3.938
2023,50,13.2165
2023,51,5.7532
2023,52,0
2023,53,0
2024,1,10.0578
2024,2,7.3664
2024,3,1.2613
2024,4,0
2024,5,0
2024,6,2.9536
2024,7,0
2024,8,7.6449
2024,9,16.5694
2024,10,10.3898
2024,11,16.5143
2024,12,15.7541
2024,13,21.0291
2024,14,21.9559
2024,15,32.8455
2024,16,20.2626
2024,17,19.1625
2024,18,28.5704
2024,19,24.0976
2024,20,32.2025
2024,21,26.9932
2024,22,20.7067
2024,23,23.0683
2024,24,24.5303
2024,25,36.0879
2024,26,31.0766
2024,27,29.5853
2024,28,41.5265
2024,29,42.2464
2024,30,18.97
2024,31,29.4719
2024,32,31.1286
2024,33,38.089
2024,34,23.3518
2024,35,30.8655
2024,36,27.7838
2024,37,20.8181
2024,38,30.4396
2024,39,22.4514
2024,40,27.5785
2024,41,11.3639
2024,42,28.2254
2024,43,24.047
2024,44,6.9927
2024,45,16.9049
2024,46,16.3269
2024,47,28.5186
2024,48,14.7911
2024,49,6.0077
2024,50,5.1166
2024,51,13.0605
2024,52,15.3983
2024,53,0
2025,1,10.1728
2025,2,21.7636
2025,3,30.0758
2025,4,43.3718
2025,5,62.726
2025,6,30.4606
2025,7,40.718
2025,8,45.9508
2025,9,20.5496
2025,10,69.913
2025,11,44.0538
2025,12,42.336
2025,13,35.8638
2025,14,36.2602
2025,15,30.0854
2025,16,51.6806
2025,17,36.6602
2025,18,35.421
2025,19,34.7612
2025,20,10.9408
2025,21,33.3494
2025,22,26.8434
2025,23,24.1738
2025,24,41.0562
2025,25,28.9138
2025,26,58.2732
2025,27,34.8934
2025,28,29.203
2025,29,47.1036
2025,30,17.404
2025,31,0
2025,32,0
2025,33,0
2025,34,0
2025,35,0
2025,36,0
2025,37,0
2025,38,0
2025,39,0
2025,40,0
2025,41,0
2025,42,0
2025,43,0
2025,44,0
2025,45,0
2025,46,0
2025,47,0
2025,48,0
2025,49,0
2025,50,0
2025,51,0
2025,52,0
2025,53,0
